,Date,Mean_Max_Temp,Mean_Min_Temp,Mean_Temp,Total_Rain,Wind,Sup,Snow,Cloudy,Variation,Arb
0,Jan-50,-2.9,-9.7,-6.3,44.2,West,Large,940,10,2,12
1,Feb-50,6.6,0.4,3.5,201.2,South,Medium,38,86,3,15
2,Mar-50,8.2,2.2,5.2,172.5,South,Tiny,0,76,3,20
3,Apr-50,12.4,3.7,8.1,73.7,North,Tiny,0,56,5,20
4,May-50,15.1,6.3,10.7,28.2,West,Tiny,0,12,6,17
5,Jun-50,20.5,10.9,15.7,45.7,West,Large,0,11,7,15
6,Jul-50,22.4,12.1,17.3,36.1,South,Large,0,9,7,18
7,Aug-50,22.7,12.3,17.5,60.7,East,Tiny,0,14,7,11
8,Sep-50,18.9,9.4,14.2,32.5,East,Tiny,0,14,7,19
9,Oct-50,12.5,6.8,9.7,184.2,East,Tiny,0,78,4,17
10,Nov-50,8.7,2.8,5.8,91.2,South,Large,91,58,4,13
11,Dec-50,8.6,3.6,6.1,191.8,South,Medium,0,75,3,12
12,Jan-51,5.0,-0.1,2.5,181.1,West,Tiny,259,81,3,13
13,Feb-51,6.5,0.3,3.4,163.8,East,Tiny,119,75,3,13
14,Mar-51,6.6,0.0,3.3,69.6,West,Tiny,411,6,3,11
15,Apr-51,14.3,3.5,8.9,44.5,North,Medium,0,10,6,19
16,May-51,16.8,8.0,12.4,70.6,West,Tiny,0,56,5,13
17,Jun-51,21.0,11.5,16.3,4.6,East,Tiny,0,17,7,19
18,Jul-51,23.2,12.8,18.0,0.0,West,Tiny,0,19,8,13
19,Aug-51,21.6,11.6,16.6,21.8,North,Tiny,0,12,6,11
20,Sep-51,19.2,9.3,14.3,67.6,South,Medium,0,5,7,12
21,Oct-51,13.2,6.2,9.7,101.3,North,Large,0,77,5,11
22,Nov-51,9.1,2.1,5.6,114.0,East,Tiny,0,87,3,12
23,Dec-51,3.7,-0.9,1.4,112.5,South,Medium,442,84,2,10
24,Jan-52,4.0,-0.6,1.7,96.0,East,Tiny,368,59,3,15
25,Feb-52,7.4,1.1,4.3,95.8,West,Tiny,28,59,3,10
26,Mar-52,8.7,2.4,5.6,77.2,West,Tiny,0,57,3,10
27,Apr-52,13.1,4.8,9.0,51.3,West,Medium,0,16,5,20
28,May-52,16.4,7.5,12.0,30.5,North,Tiny,0,7,6,12
29,Jun-52,17.9,9.6,13.8,62.0,South,Medium,0,6,5,13
30,Jul-52,22.6,12.7,17.7,11.9,South,Large,0,8,7,19
31,Aug-52,22.0,12.4,17.2,20.6,East,Tiny,0,13,7,18
32,Sep-52,19.6,9.9,14.8,20.6,West,Large,0,14,7,15
33,Oct-52,15.4,6.6,11.0,35.3,West,Medium,0,14,5,11
34,Nov-52,8.8,1.4,5.1,33.3,East,Tiny,0,10,4,18
35,Dec-52,7.9,2.5,5.2,147.1,West,Tiny,18,75,3,14
36,Jan-53,8.5,3.2,5.9,230.9,South,Large,86,79,3,10
37,Feb-53,8.0,1.7,4.9,72.6,South,Tiny,0,56,3,12
38,Mar-53,9.8,2.8,6.3,78.2,West,Tiny,0,57,4,19
39,Apr-53,13.1,5.3,9.2,52.3,North,Large,0,5,5,19
40,May-53,17.3,8.7,13.0,37.3,South,Tiny,0,12,6,10
41,Jun-53,18.1,10.4,14.3,63.2,North,Medium,0,6,6,17
42,Jul-53,22.6,12.9,17.8,36.8,North,Tiny,0,5,7,19
43,Aug-53,21.6,13.2,17.4,53.3,North,Large,0,11,6,12
44,Sep-53,18.6,10.6,14.6,85.3,South,Tiny,0,58,6,15
45,Oct-53,14.3,7.1,10.7,86.1,North,Large,0,58,5,20
46,Nov-53,10.7,5.2,8.0,189.5,North,Medium,0,78,3,11
47,Dec-53,7.9,2.6,5.3,202.7,West,Tiny,0,79,3,14
48,Jan-54,3.1,-2.2,0.5,100.3,East,Tiny,808,77,2,11
49,Feb-54,8.1,2.1,5.1,107.4,North,Tiny,0,85,3,19
50,Mar-54,9.0,0.0,4.5,45.2,West,Large,5,9,4,19
51,Apr-54,11.2,4.2,7.7,53.8,North,Tiny,0,7,4,15
52,May-54,17.2,7.9,12.6,31.0,South,Tiny,0,15,6,19
53,Jun-54,17.6,9.6,13.6,54.6,North,Tiny,0,18,6,10
54,Jul-54,20.0,11.2,15.6,26.2,East,Medium,0,8,6,10
55,Aug-54,19.7,12.5,16.1,73.4,North,Tiny,0,56,6,20
56,Sep-54,17.6,10.9,14.3,47.0,North,Tiny,0,7,5,13
57,Oct-54,12.8,5.8,9.3,49.8,South,Tiny,0,8,4,10
58,Nov-54,11.4,6.1,8.8,281.9,West,Tiny,0,89,4,10
59,Dec-54,7.3,2.2,4.8,134.9,North,Tiny,0,87,3,16
60,Jan-55,5.6,1.5,3.6,85.3,South,Tiny,5,58,2,13
61,Feb-55,6.0,-0.1,3.0,57.7,North,Tiny,191,7,3,15
62,Mar-55,6.6,0.4,3.5,85.6,West,Tiny,28,58,3,20
63,Apr-55,11.4,3.6,7.5,59.9,North,Medium,23,10,5,20
64,May-55,14.5,6.6,10.6,50.8,South,Tiny,0,10,5,16
65,Jun-55,17.9,10.1,14.0,75.4,West,Large,0,57,7,14
66,Jul-55,19.7,11.8,15.8,47.8,South,Medium,0,5,6,20
67,Aug-55,20.9,11.4,16.2,2.8,West,Large,0,18,7,12
68,Sep-55,17.7,9.7,13.7,30.5,North,Tiny,0,9,6,13
69,Oct-55,12.9,6.4,9.7,126.7,West,Large,0,78,4,11
70,Nov-55,5.8,0.2,3.0,224.8,South,Tiny,152,81,3,17
71,Dec-55,5.0,-0.6,2.2,130.8,South,Tiny,160,82,3,18
72,Jan-56,5.5,0.5,3.0,126.5,East,Tiny,81,82,3,18
73,Feb-56,4.2,-0.9,1.7,74.4,South,Tiny,358,56,2,15
74,Mar-56,7.9,1.8,4.9,100.6,East,Large,163,85,3,17
75,Apr-56,13.8,5.4,9.6,13.7,South,Tiny,0,17,5,10
76,May-56,18.7,8.5,13.6,10.7,North,Tiny,0,13,7,13
77,Jun-56,17.4,10.7,14.1,114.0,West,Medium,0,79,5,16
78,Jul-56,23.3,13.2,18.3,16.5,West,Medium,0,14,7,14
79,Aug-56,22.5,12.9,17.7,41.1,North,Tiny,0,10,7,11
80,Sep-56,17.6,10.1,13.9,116.3,East,Medium,0,76,6,10
81,Oct-56,12.1,6.7,9.4,205.7,North,Tiny,0,87,4,15
82,Nov-56,7.6,2.4,5.0,70.4,East,Tiny,0,56,3,19
83,Dec-56,6.8,1.4,4.1,193.5,West,Medium,18,79,3,20
84,Jan-57,2.2,-4.4,-1.1,42.9,South,Large,356,9,3,13
85,Feb-57,5.9,-1.5,2.2,60.7,North,Medium,236,5,3,18
86,Mar-57,10.2,2.9,6.6,127.3,South,Medium,30,80,4,17
87,Apr-57,13.8,5.9,9.9,44.7,North,Tiny,0,8,5,10
88,May-57,19.1,10.1,14.6,36.1,South,Tiny,0,8,6,19
89,Jun-57,20.3,11.6,16.0,56.4,South,Medium,0,5,6,20
90,Jul-57,20.4,12.3,16.4,53.6,East,Tiny,0,6,6,19
91,Aug-57,21.6,12.2,16.9,29.2,South,Medium,0,14,6,20
92,Sep-57,20.8,11.2,16.0,32.5,East,Tiny,0,14,7,15
93,Oct-57,13.7,6.1,9.9,81.0,East,Tiny,0,57,5,15
94,Nov-57,9.4,2.5,6.0,76.2,West,Large,0,57,4,12
95,Dec-57,8.5,2.8,5.7,181.4,West,Large,0,85,3,11
96,Jan-58,8.6,3.3,6.0,260.6,West,Tiny,0,83,3,12
97,Feb-58,10.3,4.8,7.6,125.7,East,Large,0,88,4,13
98,Mar-58,10.8,2.9,6.9,48.8,South,Tiny,0,5,4,11
99,Apr-58,14.1,5.2,9.7,74.7,South,Medium,0,56,5,10
100,May-58,20.1,10.2,15.2,40.4,South,Medium,0,10,7,16
101,Jun-58,22.3,13.7,18.0,38.9,West,Large,0,10,7,20
102,Jul-58,25.6,15.6,20.6,1.0,South,Tiny,0,11,8,17
103,Aug-58,23.6,13.8,18.7,33.8,North,Tiny,0,15,7,10
104,Sep-58,18.4,10.7,14.6,47.8,West,Medium,0,13,6,12
105,Oct-58,14.3,6.2,10.3,112.0,South,Tiny,0,85,5,20
106,Nov-58,8.8,1.9,5.4,170.4,North,Tiny,15,85,4,10
107,Dec-58,7.7,2.7,5.2,140.5,West,Large,320,77,3,12
108,Jan-59,6.6,1.0,3.8,144.3,West,Tiny,163,81,3,16
109,Feb-59,6.9,1.1,4.0,126.0,North,Tiny,13,79,3,14
110,Mar-59,9.7,3.2,6.5,161.3,South,Tiny,5,75,3,11
111,Apr-59,13.0,5.2,9.1,42.2,South,Tiny,0,14,5,16
112,May-59,16.4,7.9,12.2,65.3,South,Tiny,0,13,6,10
113,Jun-59,20.1,11.4,15.8,86.6,East,Large,0,58,6,17
114,Jul-59,22.8,13.4,18.1,21.1,East,Medium,0,13,7,15
115,Aug-59,20.7,12.1,16.4,44.7,East,Tiny,0,8,6,14
116,Sep-59,17.3,10.0,13.7,143.5,South,Tiny,0,79,5,10
117,Oct-59,13.4,7.2,10.3,87.1,East,Large,0,58,4,20
118,Nov-59,8.4,2.2,5.3,148.8,West,Tiny,81,88,4,20
119,Dec-59,7.2,1.3,4.3,142.2,East,Medium,0,84,3,16
120,Jan-60,5.3,0.1,2.7,144.0,South,Large,203,74,3,10
121,Feb-60,8.0,1.8,4.9,125.0,West,Tiny,0,87,3,20
122,Mar-60,9.4,2.4,5.9,89.9,West,Large,178,58,5,17
123,Apr-60,13.9,5.9,9.9,45.0,West,Tiny,0,6,5,13
124,May-60,15.4,8.6,12.0,87.1,West,Large,0,58,5,11
125,Jun-60,19.1,11.2,15.2,15.2,South,Large,0,8,6,12
126,Jul-60,23.7,13.5,18.6,1.0,South,Tiny,0,16,8,16
127,Aug-60,20.3,13.0,16.7,67.6,North,Large,0,14,8,12
128,Sep-60,17.3,9.8,13.6,28.7,South,Tiny,0,14,6,16
129,Oct-60,13.7,8.4,11.1,208.3,East,Tiny,0,80,4,13
130,Nov-60,9.1,3.6,6.4,141.0,South,Medium,0,84,3,11
131,Dec-60,6.8,1.3,4.1,137.7,West,Tiny,0,76,3,17
132,Jan-61,7.5,2.3,4.9,200.9,North,Tiny,74,77,3,11
133,Feb-61,8.8,4.1,6.5,274.6,North,Tiny,25,86,3,20
134,Mar-61,10.9,4.5,7.7,112.8,East,Large,33,85,4,17
135,Apr-61,12.4,6.2,9.3,48.0,North,Medium,0,10,4,18
136,May-61,16.4,9.1,12.8,98.0,East,Tiny,0,59,6,17
137,Jun-61,21.3,12.3,16.8,25.9,West,Large,0,18,6,15
138,Jul-61,23.3,14.3,18.8,37.3,North,Medium,0,19,8,19
139,Aug-61,23.9,14.1,19.0,40.9,South,Large,0,12,7,12
140,Sep-61,17.8,9.5,13.7,49.8,North,Tiny,0,16,6,14
141,Oct-61,12.7,5.1,8.9,129.8,East,Medium,0,79,5,17
142,Nov-61,8.4,1.8,5.1,143.3,West,Medium,0,78,3,17
143,Dec-61,6.1,1.2,3.7,172.5,West,Large,203,84,1,17
144,Jan-62,5.7,0.1,2.9,112.0,East,Tiny,343,77,3,12
145,Feb-62,8.6,2.1,5.4,63.8,East,Tiny,3,17,4,13
146,Mar-62,8.7,1.0,4.9,59.7,East,Tiny,523,8,4,14
147,Apr-62,13.7,5.9,9.8,90.7,West,Tiny,0,58,6,12
148,May-62,15.4,7.4,11.4,43.4,South,Tiny,0,5,5,19
149,Jun-62,20.1,10.5,15.3,21.1,West,Large,0,16,7,11
150,Jul-62,21.6,12.7,17.2,25.4,South,Tiny,0,12,6,17
151,Aug-62,20.4,12.8,16.6,89.9,South,Medium,0,58,1,11
152,Sep-62,19.0,10.2,14.6,64.3,South,Tiny,0,13,6,14
153,Oct-62,14.4,7.9,11.2,119.4,North,Large,0,78,5,18
154,Nov-62,10.6,5.0,7.8,183.9,North,Tiny,38,82,4,19
155,Dec-62,7.8,2.8,5.3,197.6,East,Large,13,88,3,18
156,Jan-63,3.6,-2.2,0.7,29.5,South,Medium,107,15,3,10
157,Feb-63,10.3,3.4,6.9,144.0,West,Tiny,0,75,4,15
158,Mar-63,9.9,1.8,5.9,71.1,East,Tiny,15,56,4,11
159,Apr-63,13.0,5.1,9.1,72.6,East,Large,0,56,1,18
160,May-63,18.3,7.1,12.7,45.7,North,Tiny,0,19,8,11
161,Jun-63,19.0,10.9,15.0,42.7,North,Tiny,0,16,6,13
162,Jul-63,20.4,11.9,16.2,64.5,East,Tiny,0,9,6,10
163,Aug-63,22.2,12.9,17.6,14.5,North,Medium,0,10,6,15
164,Sep-63,20.7,11.3,16.0,38.4,North,Medium,0,6,7,18
165,Oct-63,15.0,7.7,11.4,153.7,East,Tiny,0,79,1,11
166,Nov-63,9.3,3.3,6.3,162.6,South,Tiny,5,87,3,10
167,Dec-63,7.1,1.6,4.4,240.0,East,Medium,15,86,3,19
168,Jan-64,7.1,1.9,4.5,198.9,South,Tiny,132,75,3,17
169,Feb-64,8.1,0.2,4.2,70.4,North,Tiny,0,56,4,18
170,Mar-64,9.3,2.2,5.8,97.3,West,Tiny,0,59,1,15
171,Apr-64,11.8,3.9,7.9,35.6,East,Large,0,6,4,19
172,May-64,15.3,6.7,11.0,44.2,South,Medium,0,12,6,19
173,Jun-64,18.3,10.6,14.5,56.1,North,Medium,0,12,6,12
174,Jul-64,20.1,12.0,16.1,79.8,East,Large,0,57,1,14
175,Aug-64,20.6,12.0,16.3,37.8,West,Tiny,0,6,7,14
176,Sep-64,17.1,8.9,13.0,121.2,South,Tiny,0,84,5,20
177,Oct-64,13.9,5.2,9.6,42.7,East,Large,0,11,5,17
178,Nov-64,8.0,1.6,4.8,151.1,North,Tiny,38,82,3,17
179,Dec-64,3.6,-2.3,0.7,59.2,North,Tiny,897,17,3,17
180,Jan-65,4.4,-0.3,2.1,147.1,East,Tiny,452,77,1,15
181,Feb-65,7.2,1.8,4.5,178.8,West,Medium,10,82,3,16
182,Mar-65,9.4,-0.3,4.6,42.4,East,Tiny,8,17,4,13
183,Apr-65,13.1,5.1,9.1,51.8,North,Medium,0,10,5,10
184,May-65,15.1,6.2,10.7,52.3,North,Large,0,11,6,10
185,Jun-65,19.8,9.8,14.8,13.0,South,Tiny,0,9,7,13
186,Jul-65,23.1,12.1,17.6,5.8,West,Medium,0,15,1,17
187,Aug-65,21.3,13.1,17.2,61.5,North,Medium,0,16,7,11
188,Sep-65,17.5,8.3,12.9,15.2,West,Tiny,0,6,6,12
189,Oct-65,14.7,7.2,11.0,126.7,North,Medium,0,82,5,17
190,Nov-65,10.1,4.2,7.2,123.4,North,Tiny,0,73,3,17
191,Dec-65,6.1,0.3,3.2,103.9,South,Large,394,85,3,16
192,Jan-66,5.9,-0.2,2.9,122.7,South,Medium,493,87,3,20
193,Feb-66,8.1,0.6,4.4,50.5,East,Medium,0,12,4,20
194,Mar-66,10.3,1.9,6.1,84.3,North,Medium,142,57,4,13
195,Apr-66,13.1,3.7,8.4,25.9,West,Medium,0,10,5,10
196,May-66,16.2,6.8,11.5,37.8,South,Medium,0,16,6,20
197,Jun-66,18.2,9.7,14.0,51.8,South,Tiny,0,9,6,19
198,Jul-66,20.3,11.6,16.0,63.8,North,Tiny,0,12,6,10
199,Aug-66,22.1,12.2,17.2,30.0,East,Tiny,0,14,1,19
200,Sep-66,18.8,11.1,15.0,69.9,South,Medium,0,13,6,14
201,Oct-66,13.1,6.1,9.6,132.3,West,Tiny,0,78,5,11
202,Nov-66,9.6,3.4,6.5,169.9,North,Large,0,78,4,17
203,Dec-66,8.2,3.5,5.9,237.0,East,Medium,64,80,3,15
204,Jan-67,6.9,2.1,4.5,218.4,South,Large,94,88,3,13
205,Feb-67,8.5,1.7,5.1,88.4,East,Large,25,58,1,17
206,Mar-67,8.8,1.5,5.2,97.5,South,Large,25,59,4,10
207,Apr-67,11.4,3.4,7.4,56.9,North,Tiny,3,18,4,13
208,May-67,16.1,8.2,12.2,37.1,North,Medium,0,12,6,20
209,Jun-67,21.3,12.2,16.8,11.7,East,Medium,0,16,7,11
210,Jul-67,22.7,12.3,17.5,21.6,East,Tiny,0,17,7,20
211,Aug-67,24.9,13.2,19.1,6.1,North,Large,0,16,8,20
212,Sep-67,20.6,10.8,15.7,59.4,South,Large,0,5,1,20
213,Oct-67,14.1,7.9,11.0,286.0,South,Medium,0,90,4,17
214,Nov-67,9.8,3.6,6.7,118.1,East,Tiny,0,87,3,11
215,Dec-67,6.4,1.4,3.9,141.0,West,Tiny,183,77,3,10
216,Jan-68,6.6,0.9,3.8,207.5,West,Tiny,104,85,4,10
217,Feb-68,10.1,0.9,5.5,104.1,West,Large,0,80,4,13
218,Mar-68,10.8,4.4,7.6,138.2,South,Tiny,0,85,1,11
219,Apr-68,12.3,4.5,8.4,32.3,South,Large,8,13,5,11
220,May-68,17.1,7.9,12.5,64.8,East,Tiny,0,13,6,20
221,Jun-68,19.3,10.6,15.0,67.8,West,Tiny,0,6,6,19
222,Jul-68,22.7,13.1,17.9,25.1,South,Tiny,0,15,2,16
223,Aug-68,20.4,12.2,16.3,50.8,North,Tiny,0,19,6,12
224,Sep-68,17.4,10.0,13.7,85.1,North,Tiny,0,58,5,14
225,Oct-68,12.8,6.6,9.7,177.5,North,Tiny,0,77,4,17
226,Nov-68,9.8,3.6,6.7,147.8,West,Tiny,0,84,4,12
227,Dec-68,4.1,-1.7,1.2,135.4,East,Tiny,607,74,3,19
228,Jan-69,0.1,-5.8,-2.9,72.1,North,Tiny,648,56,2,13
229,Feb-69,6.6,-0.7,3.0,41.9,South,Large,66,10,3,14
230,Mar-69,10.1,1.8,6.0,86.4,West,Tiny,0,58,5,13
231,Apr-69,11.8,4.9,8.4,103.6,North,Tiny,0,81,4,19
232,May-69,17.6,8.7,13.2,26.7,South,Tiny,0,7,6,19
233,Jun-69,21.3,13.2,17.3,16.3,East,Large,0,6,2,15
234,Jul-69,21.9,12.3,17.1,16.5,South,Medium,0,17,7,15
235,Aug-69,20.1,11.4,15.8,49.5,East,Tiny,0,20,6,18
236,Sep-69,17.4,10.6,14.0,134.1,North,Tiny,0,81,6,12
237,Oct-69,13.6,5.7,9.7,97.0,East,Tiny,0,59,2,13
238,Nov-69,9.4,3.6,6.5,94.5,West,Large,0,58,4,13
239,Dec-69,7.9,2.6,5.3,147.6,West,Tiny,0,75,3,20
240,Jan-70,5.8,0.3,3.1,100.8,West,Tiny,152,73,2,17
241,Feb-70,8.9,1.7,5.3,55.9,West,Tiny,0,19,3,12
242,Mar-70,10.5,1.8,6.2,58.9,East,Medium,0,6,2,12
243,Apr-70,11.7,4.1,7.9,112.3,South,Tiny,0,81,2,20
244,May-70,15.8,7.1,11.5,25.9,North,Tiny,0,14,2,10
245,Jun-70,20.6,11.3,16.0,38.4,South,Tiny,0,15,2,14
246,Jul-70,21.6,12.6,17.1,33.8,West,Tiny,0,17,2,17
247,Aug-70,21.1,11.9,16.5,5.8,East,Tiny,0,20,2,10
248,Sep-70,16.9,8.3,12.6,75.7,North,Tiny,0,57,2,10
249,Oct-70,12.4,4.7,8.6,65.5,East,Large,0,9,2,19
250,Nov-70,8.4,1.8,5.1,87.9,East,Tiny,99,58,2,18
251,Dec-70,5.3,0.4,2.9,167.9,West,Medium,152,84,2,18
252,Jan-71,4.6,-0.3,2.2,140.7,South,Medium,1219,79,3,12
253,Feb-71,6.9,1.1,4.0,113.8,East,Large,323,84,3,16
254,Mar-71,7.9,0.8,4.4,152.1,West,Large,76,83,3,17
255,Apr-71,12.4,3.9,8.2,50.5,East,Tiny,0,7,5,17
256,May-71,15.8,7.7,11.8,42.4,East,Tiny,0,11,5,20
257,Jun-71,16.9,10.1,13.5,65.0,South,Tiny,0,6,5,18
258,Jul-71,22.1,12.3,17.2,34.0,South,Tiny,0,7,7,20
259,Aug-71,23.1,13.6,18.4,17.3,South,Medium,0,16,7,10
260,Sep-71,16.8,9.3,13.1,102.9,North,Medium,0,78,5,14
261,Oct-71,12.2,5.7,9.0,133.4,East,Large,5,88,5,19
262,Nov-71,8.8,3.9,6.4,184.2,South,Medium,0,75,3,10
263,Dec-71,3.1,-1.8,0.7,95.5,East,Tiny,803,59,2,15
264,Jan-72,3.3,-2.0,0.7,53.6,West,Medium,358,14,3,16
265,Feb-72,7.3,0.4,3.9,133.4,North,Medium,8,85,4,13
266,Mar-72,10.1,3.9,7.0,177.3,North,Tiny,10,87,4,11
267,Apr-72,10.6,3.4,7.0,114.6,West,Medium,48,87,4,15
268,May-72,16.8,8.4,12.6,32.3,North,Tiny,0,14,6,14
269,Jun-72,18.4,10.8,14.6,46.7,South,Medium,0,10,6,19
270,Jul-72,21.5,12.2,16.9,81.3,North,Tiny,0,57,7,11
271,Aug-72,22.2,13.4,17.8,23.4,South,Tiny,0,9,7,18
272,Sep-72,16.2,8.5,12.4,79.8,North,Large,0,57,6,12
273,Oct-72,12.0,3.7,7.9,53.1,South,Large,0,15,4,15
274,Nov-72,9.3,2.9,6.1,117.1,East,Medium,0,76,1,10
275,Dec-72,4.6,-1.0,1.8,288.0,West,Large,163,85,1,17
276,Jan-73,5.3,-0.8,2.3,137.9,North,Tiny,119,80,1,10
277,Feb-73,8.4,1.1,4.8,68.3,North,Tiny,0,14,1,18
278,Mar-73,9.7,2.8,6.3,68.3,North,Tiny,3,19,1,16
279,Apr-73,13.1,4.1,8.6,13.0,West,Large,0,8,5,15
280,May-73,16.7,7.4,12.1,48.5,West,Large,0,6,6,18
281,Jun-73,18.4,10.1,14.3,52.6,West,Tiny,0,13,6,15
282,Jul-73,21.3,12.2,16.8,9.4,West,Tiny,0,7,7,18
283,Aug-73,20.2,11.2,15.7,29.0,North,Tiny,0,12,6,18
284,Sep-73,19.2,10.4,14.8,27.2,North,Large,0,8,7,20
285,Oct-73,12.7,6.6,9.7,113.8,East,Large,0,82,1,17
286,Nov-73,7.1,1.3,4.2,168.1,East,Medium,119,85,1,14
287,Dec-73,7.7,2.9,5.3,228.9,South,Tiny,53,84,1,10
288,Jan-74,5.8,-0.6,2.6,156.2,North,Medium,257,74,1,11
289,Feb-74,7.3,1.9,4.6,109.2,North,Large,0,76,1,20
290,Mar-74,9.4,2.8,6.1,175.0,South,Medium,140,76,4,16
291,Apr-74,12.3,5.6,9.0,100.6,South,Tiny,0,77,4,16
292,May-74,14.6,6.5,10.6,117.9,South,Medium,0,87,5,15
293,Jun-74,18.6,10.4,14.5,20.1,East,Tiny,0,11,6,14
294,Jul-74,19.9,11.9,15.9,75.4,West,Tiny,0,57,6,11
295,Aug-74,21.7,12.9,17.3,3.3,East,Tiny,0,18,7,10
296,Sep-74,21.1,10.3,15.7,23.6,West,Tiny,0,10,7,18
297,Oct-74,14.3,6.2,10.3,51.1,West,Tiny,0,14,1,18
298,Nov-74,9.3,3.5,6.4,193.0,South,Tiny,0,89,3,20
299,Dec-74,7.7,3.0,5.4,186.9,West,Medium,10,81,3,16
300,Jan-75,5.1,-0.3,2.4,136.9,South,Medium,267,75,3,18
301,Feb-75,5.4,-0.4,2.5,83.1,South,Large,437,57,3,11
302,Mar-75,8.7,1.5,5.1,96.5,East,Tiny,0,59,4,13
303,Apr-75,11.2,3.1,7.2,23.1,East,Tiny,5,15,4,14
304,May-75,16.2,7.1,11.7,43.9,North,Large,0,16,1,11
305,Jun-75,18.4,10.2,14.3,24.6,East,Medium,0,19,7,18
306,Jul-75,23.1,12.9,18.0,11.9,East,Tiny,0,6,7,12
307,Aug-75,19.7,11.9,15.8,101.1,West,Large,0,79,6,16
308,Sep-75,19.0,9.1,14.1,0.3,North,Tiny,0,5,6,11
309,Oct-75,12.9,6.2,9.6,287.5,East,Medium,0,80,5,10
310,Nov-75,8.7,2.4,5.6,178.6,West,Tiny,224,84,4,19
311,Dec-75,6.2,-0.2,3.0,194.8,West,Tiny,257,85,3,17
312,Jan-76,6.8,1.8,4.3,175.5,West,Tiny,33,76,3,12
313,Feb-76,7.3,1.2,4.3,110.5,North,Tiny,185,77,3,20
314,Mar-76,7.6,1.1,4.4,100.1,West,Large,160,81,3,17
315,Apr-76,13.1,4.3,8.7,77.5,East,Medium,0,57,6,18
316,May-76,15.6,7.6,11.6,73.7,South,Tiny,0,56,6,20
317,Jun-76,17.7,9.6,13.7,55.1,West,Medium,0,17,6,19
318,Jul-76,21.1,12.7,16.9,23.1,East,Medium,0,17,6,16
319,Aug-76,19.3,12.5,15.9,73.9,North,Large,0,56,6,12
320,Sep-76,18.7,10.9,14.8,43.9,South,Tiny,0,10,6,10
321,Oct-76,13.5,6.7,10.1,84.6,East,Medium,0,57,5,16
322,Nov-76,9.9,2.2,6.1,48.3,North,Tiny,0,19,4,19
323,Dec-76,8.1,2.9,5.5,102.1,North,Large,0,85,3,10
324,Jan-77,5.1,-0.6,2.3,75.4,East,Large,115,57,3,18
325,Feb-77,10.4,3.1,6.8,79.1,South,Tiny,0,57,4,14
326,Mar-77,9.2,2.8,6.0,76.1,West,Medium,39,57,3,13
327,Apr-77,14.1,5.1,9.6,56.3,South,Medium,0,11,1,19
328,May-77,15.2,7.5,11.4,72.3,West,Medium,0,56,5,12
329,Jun-77,19.7,10.9,15.3,19.4,East,Large,0,17,6,12
330,Jul-77,21.0,12.1,16.6,33.1,East,Large,0,6,6,11
331,Aug-77,23.5,14.0,18.8,63.8,West,Large,0,9,7,19
332,Sep-77,16.6,9.8,13.2,113.8,North,Tiny,0,87,5,20
333,Oct-77,13.3,5.7,9.5,89.4,West,Tiny,0,58,4,13
334,Nov-77,8.2,1.7,5.0,168.3,West,Large,55,86,4,10
335,Dec-77,6.0,-0.1,3.0,154.8,East,Tiny,99,83,3,18
336,Jan-78,5.8,1.1,3.5,99.4,North,Medium,226,59,2,17
337,Feb-78,8.8,2.3,5.6,76.2,South,Medium,167,57,1,19
338,Mar-78,10.7,3.8,7.3,94.1,North,Large,0,58,1,16
339,Apr-78,12.8,5.5,9.2,101.8,South,Tiny,0,84,1,16
340,May-78,16.0,7.5,11.8,89.7,South,Tiny,0,58,1,11
341,Jun-78,20.6,11.9,16.3,20.5,South,Large,0,19,1,10
342,Jul-78,23.1,13.1,18.1,7.8,East,Medium,0,15,1,12
343,Aug-78,21.5,13.0,17.3,104.4,East,Tiny,0,75,1,14
344,Sep-78,16.9,10.5,13.7,111.2,North,Medium,0,86,5,12
345,Oct-78,14.4,6.4,10.4,45.4,West,Large,0,18,5,19
346,Nov-78,7.4,0.8,4.1,125.9,South,Medium,14,76,3,11
347,Dec-78,4.9,-0.9,2.0,91.5,North,Large,28,58,3,14
348,Jan-79,3.5,-3.2,0.2,51.2,North,Large,64,18,3,16
349,Feb-79,6.9,0.8,3.9,169.0,West,Tiny,37,83,3,12
350,Mar-79,11.5,2.9,7.2,57.1,South,Tiny,0,10,4,15
351,Apr-79,13.0,4.7,8.9,58.1,East,Tiny,0,9,5,15
352,May-79,16.9,8.6,12.8,39.9,South,Large,0,17,6,12
353,Jun-79,19.9,10.3,15.1,30.7,West,Large,0,17,7,16
354,Jul-79,22.7,13.0,17.9,26.6,South,Medium,0,12,7,19
355,Aug-79,22.1,13.2,17.7,18.6,East,Tiny,0,17,6,10
356,Sep-79,19.4,11.5,15.5,78.9,East,Tiny,0,57,6,11
357,Oct-79,13.9,7.1,10.5,80.3,West,Tiny,0,57,5,14
358,Nov-79,8.8,0.8,4.8,82.7,West,Tiny,0,57,4,18
359,Dec-79,8.6,3.1,5.9,283.3,North,Tiny,0,87,3,19
360,Jan-80,3.7,-2.8,0.5,73.5,West,Large,109,56,3,16
361,Feb-80,8.4,2.9,5.7,188.5,West,Tiny,5,79,3,12
362,Mar-80,8.8,2.5,5.7,124.3,West,Large,0,87,3,17
363,Apr-80,14.2,5.7,10.0,71.1,East,Tiny,0,56,5,19
364,May-80,16.0,8.5,12.3,52.7,North,Large,0,18,5,10
365,Jun-80,17.8,10.6,14.2,107.0,South,Large,0,84,5,19
366,Jul-80,20.7,12.4,16.6,67.6,South,Tiny,0,12,6,10
367,Aug-80,20.5,12.3,16.4,22.8,East,Large,0,7,6,14
368,Sep-80,17.5,10.3,13.9,97.9,East,Medium,0,59,6,17
369,Oct-80,15.0,6.5,10.8,57.8,South,Medium,0,20,6,19
370,Nov-80,9.8,4.1,7.0,310.9,West,Tiny,0,81,4,16
371,Dec-80,7.1,2.7,4.9,203.3,North,Medium,345,87,3,10
372,Jan-81,8.2,2.7,5.5,71.7,South,Tiny,0,56,4,12
373,Feb-81,8.4,1.9,5.2,151.6,East,Tiny,40,79,4,16
374,Mar-81,11.8,3.8,7.8,126.1,South,Large,0,87,4,13
375,Apr-81,12.4,5.0,8.7,138.5,West,Tiny,38,84,5,16
376,May-81,16.0,8.9,12.5,82.0,North,Large,0,57,5,20
377,Jun-81,17.4,10.3,13.9,135.8,South,Medium,0,76,5,15
378,Jul-81,20.6,13.5,17.1,39.0,East,Large,0,20,6,13
379,Aug-81,23.1,14.4,18.8,36.2,East,Tiny,0,12,7,13
380,Sep-81,19.0,10.8,14.9,84.1,South,Large,0,57,7,15
381,Oct-81,12.6,6.1,9.4,200.2,North,Medium,0,86,4,19
382,Nov-81,10.8,4.4,7.6,196.4,North,Medium,0,88,4,14
383,Dec-81,6.4,1.3,3.9,173.4,North,Tiny,148,78,3,16
384,Jan-82,4.3,-0.5,1.9,177.2,East,Large,539,81,1,17
385,Feb-82,7.0,1.4,4.2,218.5,South,Large,69,82,3,13
386,Mar-82,9.3,1.6,5.5,64.9,West,Tiny,0,16,1,13
387,Apr-82,11.8,3.5,7.7,89.3,North,Tiny,0,58,1,10
388,May-82,16.4,7.8,12.1,22.6,West,Tiny,0,18,1,14
389,Jun-82,21.2,12.2,16.7,29.2,West,Tiny,0,12,1,17
390,Jul-82,20.8,13.2,17.0,67.0,West,Large,0,20,1,18
391,Aug-82,20.7,12.9,16.8,37.2,South,Medium,0,10,1,18
392,Sep-82,18.7,10.5,14.6,44.2,West,Tiny,0,16,1,14
393,Oct-82,13.7,6.7,10.2,118.0,East,Large,0,84,1,10
394,Nov-82,7.7,0.7,4.2,174.9,South,Tiny,0,75,1,18
395,Dec-82,6.9,1.3,4.1,149.7,North,Tiny,0,88,1,20
396,Jan-83,9.0,3.5,6.3,172.3,East,Tiny,0,87,1,18
397,Feb-83,9.5,3.2,6.4,234.2,East,Medium,0,79,1,15
398,Mar-83,11.8,4.5,8.2,149.2,South,Large,0,88,4,18
399,Apr-83,13.4,5.0,9.2,123.9,West,Tiny,38,84,5,19
400,May-83,17.9,9.4,13.7,37.9,West,Medium,0,17,7,16
401,Jun-83,19.1,11.4,15.3,63.2,West,Medium,0,14,6,13
402,Jul-83,20.5,12.7,16.6,79.6,East,Large,0,57,6,20
403,Aug-83,21.8,13.6,17.7,24.1,South,Large,0,14,6,17
404,Sep-83,17.5,9.4,13.5,76.7,East,Tiny,0,57,6,12
405,Oct-83,13.0,5.9,9.5,89.9,West,Tiny,0,58,4,12
406,Nov-83,9.9,5.2,7.6,350.8,West,Large,0,85,3,13
407,Dec-83,3.8,-2.5,0.7,74.9,East,Tiny,82,56,3,12
408,Jan-84,7.2,1.6,4.4,219.5,East,Tiny,30,88,3,15
409,Feb-84,9.1,3.2,6.2,177.6,West,Medium,0,80,3,16
410,Mar-84,11.3,4.5,7.9,128.6,South,Tiny,0,80,4,17
411,Apr-84,12.7,4.8,8.8,124.2,South,Tiny,0,74,5,20
412,May-84,15.0,7.5,11.3,111.1,North,Medium,0,83,5,20
413,Jun-84,18.2,11.1,14.7,69.0,East,Medium,0,7,6,16
414,Jul-84,21.7,12.7,17.2,3.9,South,Tiny,0,9,7,17
415,Aug-84,22.0,13.1,17.6,15.7,North,Medium,0,9,7,15
416,Sep-84,18.1,9.6,13.9,41.6,North,Large,0,18,6,20
417,Oct-84,12.0,5.6,8.8,129.5,East,Tiny,0,76,4,10
418,Nov-84,8.8,3.2,6.0,235.0,West,Medium,22,85,3,19
419,Dec-84,3.4,-2.2,0.6,139.1,East,Large,334,79,2,19
420,Jan-85,4.7,-1.7,1.5,27.4,North,Tiny,4,14,2,14
421,Feb-85,6.5,0.0,3.3,74.6,East,Tiny,273,56,3,14
422,Mar-85,9.0,1.4,5.2,99.1,West,Tiny,28,59,4,19
423,Apr-85,12.0,5.0,8.5,80.6,North,Large,0,57,4,13
424,May-85,16.4,8.0,12.2,44.1,South,Tiny,0,19,6,11
425,Jun-85,19.2,10.6,14.9,31.8,East,Large,0,7,6,18
426,Jul-85,24.9,13.7,19.3,0.0,North,Medium,0,16,8,15
427,Aug-85,21.8,12.2,17.0,31.5,West,Medium,0,9,7,20
428,Sep-85,17.1,9.0,13.1,59.1,West,Tiny,0,10,5,15
429,Oct-85,12.6,6.5,9.6,201.6,North,Tiny,0,85,4,19
430,Nov-85,3.4,-3.2,0.1,74.5,East,Medium,146,56,4,15
431,Dec-85,4.3,-0.8,1.8,43.8,West,Medium,116,6,2,10
432,Jan-86,9.0,3.1,6.1,207.8,West,Medium,0,82,3,12
433,Feb-86,7.3,-0.1,3.6,99.7,West,Tiny,176,59,5,14
434,Mar-86,11.2,4.4,7.8,111.5,West,Medium,0,75,4,20
435,Apr-86,11.4,4.7,8.1,105.8,East,Tiny,0,86,4,20
436,May-86,16.3,8.6,12.5,100.6,North,Tiny,0,82,6,19
437,Jun-86,19.8,11.6,15.7,39.0,North,Large,0,17,6,19
438,Jul-86,20.0,12.3,16.2,46.2,West,Large,0,12,6,12
439,Aug-86,23.0,14.4,18.7,0.0,North,Tiny,0,16,7,13
440,Sep-86,18.5,10.3,14.4,72.2,North,Medium,0,56,7,17
441,Oct-86,14.7,6.8,10.8,49.2,South,Tiny,0,12,5,12
442,Nov-86,8.8,3.5,6.2,175.2,South,Medium,0,84,3,13
443,Dec-86,7.5,1.7,4.6,186.3,East,Medium,0,76,3,13
444,Jan-87,7.1,1.7,4.4,146.8,East,Tiny,2,78,1,15
445,Feb-87,9.9,3.0,6.5,76.2,North,Tiny,18,57,4,19
446,Mar-87,11.4,4.5,8.0,142.9,South,Tiny,0,83,4,13
447,Apr-87,14.3,6.4,10.4,63.2,East,Large,0,17,6,17
448,May-87,17.1,8.9,13.0,85.8,East,Tiny,0,58,1,20
449,Jun-87,20.3,11.6,16.0,17.8,East,Tiny,0,15,1,10
450,Jul-87,21.4,13.6,17.5,36.2,East,Large,0,5,1,15
451,Aug-87,22.3,13.1,17.7,26.0,South,Tiny,0,17,1,12
452,Sep-87,20.1,11.4,15.8,28.4,North,Large,0,11,1,14
453,Oct-87,15.4,6.4,10.9,20.4,West,Large,0,11,1,16
454,Nov-87,11.0,5.6,8.3,136.8,South,Tiny,0,76,1,12
455,Dec-87,6.1,1.0,3.6,149.6,South,Medium,62,80,3,19
456,Jan-88,6.6,0.3,3.5,90.6,South,Tiny,52,58,3,15
457,Feb-88,8.6,2.6,5.6,70.6,South,Medium,30,56,3,10
458,Mar-88,10.2,3.4,6.8,138.2,East,Tiny,0,74,4,18
459,Apr-88,13.1,6.1,9.6,91.2,South,Tiny,0,58,5,18
460,May-88,16.1,8.5,12.3,144.0,South,Large,0,87,6,17
461,Jun-88,19.3,10.8,15.1,39.0,West,Medium,0,15,6,13
462,Jul-88,22.2,12.9,17.6,22.0,South,Medium,0,6,8,17
463,Aug-88,22.0,13.4,17.7,27.2,South,Medium,0,6,7,19
464,Sep-88,18.8,10.3,14.6,77.4,West,Tiny,0,57,7,19
465,Oct-88,14.0,8.5,11.3,108.2,East,Tiny,0,81,5,16
466,Nov-88,9.3,4.6,7.0,248.7,West,Medium,2,88,3,20
467,Dec-88,7.4,2.1,4.8,187.2,South,Tiny,30,75,3,15
468,Jan-89,6.1,0.9,3.5,134.5,South,Medium,148,84,3,19
469,Feb-89,4.6,-3.0,0.8,65.2,North,Tiny,214,5,3,18
470,Mar-89,8.9,2.6,5.8,125.4,East,Medium,24,80,3,15
471,Apr-89,14.5,6.3,10.4,41.6,North,Tiny,0,7,5,11
472,May-89,16.9,8.7,12.8,78.3,North,Tiny,0,57,6,17
473,Jun-89,20.5,11.6,16.1,49.6,West,Medium,0,18,6,12
474,Jul-89,21.8,12.8,17.3,34.1,West,Medium,0,16,6,16
475,Aug-89,21.0,13.4,17.2,63.1,North,Tiny,0,8,6,17
476,Sep-89,20.0,10.6,15.3,11.2,South,Large,0,15,7,11
477,Oct-89,13.8,7.2,10.5,96.4,South,Large,0,59,5,15
478,Nov-89,9.6,4.3,7.0,213.1,West,Tiny,0,87,3,10
479,Dec-89,7.3,2.5,4.9,133.9,North,Medium,0,86,3,15
480,Jan-90,7.0,1.7,4.4,188.8,West,Medium,38,83,3,17
481,Feb-90,5.4,-1.4,2.0,94.0,North,Tiny,454,58,3,18
482,Mar-90,10.6,2.3,6.5,107.6,East,Tiny,2,74,4,16
483,Apr-90,14.0,6.5,10.3,90.8,West,Medium,0,58,5,11
484,May-90,16.7,8.7,12.7,56.2,North,Medium,0,7,6,16
485,Jun-90,18.9,11.7,15.3,109.7,South,Large,0,82,6,19
486,Jul-90,22.9,14.5,18.7,10.8,East,Tiny,0,19,7,16
487,Aug-90,23.6,14.4,19.0,38.0,South,Tiny,0,6,8,17
488,Sep-90,20.1,11.9,16.0,43.0,South,Tiny,0,18,1,15
489,Oct-90,12.9,6.9,9.9,117.3,East,Tiny,0,86,1,12
490,Nov-90,9.5,4.4,7.0,250.1,West,Tiny,4,86,1,17
491,Dec-90,3.4,-1.9,0.8,166.2,West,Tiny,522,78,1,17
492,Jan-91,4.5,-1.3,1.6,109.2,East,Medium,464,84,1,18
493,Feb-91,10.2,3.9,7.1,143.3,East,Tiny,0,83,1,17
494,Mar-91,8.8,1.9,5.4,90.6,South,Tiny,190,58,1,19
495,Apr-91,12.7,4.8,8.8,111.3,West,Large,0,79,1,15
496,May-91,15.8,8.8,12.3,60.2,East,Tiny,0,9,5,12
497,Jun-91,18.3,10.9,14.6,53.6,East,Medium,0,19,6,13
498,Jul-91,21.9,13.6,17.8,33.6,North,Large,0,14,7,11
499,Aug-91,21.6,14.3,18.0,170.0,South,Large,0,83,6,13
500,Sep-91,19.0,10.8,14.9,8.6,South,Large,0,9,6,18
501,Oct-91,13.2,5.1,9.2,24.2,North,Large,20,7,6,19
502,Nov-91,10.1,4.1,7.1,192.4,South,Medium,0,80,4,14
503,Dec-91,8.2,2.9,5.5,95.8,North,Tiny,0,59,3,20
504,Jan-92,8.6,3.0,5.8,281.8,South,Tiny,0,84,4,14
505,Feb-92,9.8,3.4,6.7,87.8,West,Tiny,0,58,4,20
506,Mar-92,12.4,4.5,8.5,25.9,North,Tiny,0,20,4,12
507,Apr-92,14.5,6.6,10.6,126.2,North,Medium,0,84,5,18
508,May-92,18.0,9.1,13.6,15.8,North,Large,0,16,6,12
509,Jun-92,21.3,13.1,17.2,96.4,East,Tiny,0,59,7,18
510,Jul-92,22.2,14.5,18.4,42.0,South,Large,0,15,7,12
511,Aug-92,21.8,13.7,17.8,23.2,South,Tiny,0,7,6,17
512,Sep-92,17.9,9.9,13.9,48.2,East,Tiny,0,13,6,12
513,Oct-92,14.3,8.2,11.3,103.1,South,Tiny,0,73,5,14
514,Nov-92,9.1,3.7,6.4,168.3,East,Large,0,79,3,17
515,Dec-92,4.9,-1.1,1.9,85.6,South,Medium,350,58,3,14
516,Jan-93,3.5,-4.2,-0.4,89.0,West,Tiny,273,58,3,18
517,Feb-93,7.9,-0.9,3.5,6.2,North,Medium,60,6,4,20
518,Mar-93,11.2,3.5,7.3,115.2,South,Large,0,85,4,19
519,Apr-93,13.3,6.7,10.0,126.9,West,Tiny,0,79,5,19
520,May-93,18.6,10.7,14.7,100.8,North,Large,0,74,6,11
521,Jun-93,19.5,12.2,15.9,72.2,North,Tiny,0,56,6,15
522,Jul-93,19.9,12.9,16.4,34.3,South,Tiny,0,15,6,13
523,Aug-93,21.5,13.6,17.6,19.0,East,Large,0,6,7,20
524,Sep-93,19.6,9.9,14.8,2.1,North,Tiny,0,16,7,15
525,Oct-93,14.9,8.0,11.5,73.1,North,Medium,0,56,1,20
526,Nov-93,7.9,1.1,4.5,63.1,East,Tiny,0,18,1,17
527,Dec-93,7.4,1.5,4.5,162.3,East,Tiny,0,77,1,10
528,Jan-94,8.8,3.8,6.3,112.5,North,Tiny,0,87,1,10
529,Feb-94,6.6,0.8,3.7,96.8,West,Medium,116,59,1,10
530,Mar-94,10.9,3.4,7.2,100.4,East,Medium,26,86,1,13
531,Apr-94,14.3,7.4,10.9,65.0,West,Tiny,0,13,1,11
532,May-94,18.0,9.5,13.8,39.4,South,Medium,0,5,1,15
533,Jun-94,19.1,10.9,15.0,70.5,West,Tiny,0,56,1,17
534,Jul-94,23.2,13.8,18.5,27.4,West,Large,0,19,1,15
535,Aug-94,23.0,13.9,18.5,18.0,South,Medium,0,15,7,16
536,Sep-94,19.6,11.7,15.7,65.6,South,Large,0,12,6,11
537,Oct-94,13.8,6.5,10.2,113.0,South,Tiny,0,75,5,18
538,Nov-94,7.9,2.1,5.0,204.2,North,Large,10,87,3,19
539,Dec-94,7.0,1.7,4.4,185.7,East,Large,34,78,3,20
540,Jan-95,7.9,1.0,4.5,164.4,East,Medium,0,86,4,15
541,Feb-95,8.5,2.0,5.3,116.3,North,Tiny,202,78,3,18
542,Mar-95,10.7,3.4,7.1,110.3,East,Medium,10,77,4,13
543,Apr-95,13.5,5.7,9.6,54.4,North,Large,0,6,5,20
544,May-95,18.5,9.8,14.2,27.2,West,Tiny,0,19,6,19
545,Jun-95,20.9,12.3,16.6,46.0,South,Medium,0,11,7,14
546,Jul-95,22.5,14.5,18.5,43.4,North,Tiny,0,15,7,20
547,Aug-95,20.3,12.7,16.5,70.7,South,Tiny,0,56,6,13
548,Sep-95,21.0,12.1,16.6,15.2,North,Large,0,9,6,16
549,Oct-95,13.5,7.4,10.4,141.4,West,Tiny,0,76,4,15
550,Nov-95,11.1,4.9,8.0,251.7,East,Tiny,0,86,4,11
551,Dec-95,7.3,1.9,4.6,206.6,West,Large,8,84,3,19
552,Jan-96,5.4,0.4,2.9,130.0,East,Large,310,81,1,15
553,Feb-96,8.2,0.3,4.3,108.8,South,Large,20,79,1,15
554,Mar-96,10.5,2.9,6.7,69.3,North,Tiny,8,16,1,10
555,Apr-96,13.5,7.3,10.4,172.3,South,Tiny,0,85,1,16
556,May-96,15.3,8.2,11.8,72.3,South,Tiny,0,56,1,16
557,Jun-96,19.1,11.2,15.2,13.6,East,Tiny,0,15,1,19
558,Jul-96,22.4,13.9,18.2,17.2,North,Medium,0,12,1,14
559,Aug-96,22.2,14.0,18.1,33.6,West,Medium,0,8,1,11
560,Sep-96,17.0,10.2,13.6,69.8,South,Large,0,14,5,12
561,Oct-96,12.6,6.6,9.6,247.6,North,Large,0,78,5,15
562,Nov-96,7.5,2.4,5.0,199.0,South,Large,159,78,4,20
563,Dec-96,4.1,-1.3,1.4,204.4,South,Tiny,807,77,2,17
564,Jan-97,6.4,1.3,3.9,240.7,South,Tiny,6,77,3,18
565,Feb-97,8.0,1.9,5.0,103.0,West,Medium,0,75,3,13
566,Mar-97,9.5,3.1,6.3,232.6,North,Tiny,74,88,4,16
567,Apr-97,13.2,5.0,9.1,116.4,West,Medium,0,86,5,20
568,May-97,18.0,9.8,14.0,73.8,East,Tiny,0,56,6,13
569,Jun-97,19.1,12.0,15.6,94.8,North,Tiny,0,58,6,16
570,Jul-97,21.6,13.7,17.7,89.6,North,Large,0,58,7,15
571,Aug-97,23.2,14.8,19.0,33.8,South,Tiny,0,19,7,16
572,Sep-97,19.8,12.0,15.9,103.5,West,Tiny,0,75,6,16
573,Oct-97,13.2,7.8,10.5,166.8,East,Tiny,0,88,4,15
574,Nov-97,10.8,4.0,7.4,124.8,South,Tiny,0,87,4,15
575,Dec-97,7.9,1.8,4.8,134.0,North,Large,0,86,3,20
576,Jan-98,7.2,1.6,4.5,151.9,North,Tiny,153,83,3,12
577,Feb-98,10.0,4.2,7.1,78.0,East,Large,0,57,4,18
578,Mar-98,11.0,4.8,7.9,81.0,North,Tiny,0,57,4,19
579,Apr-98,13.6,5.6,9.6,19.3,North,Tiny,0,13,5,11
580,May-98,16.9,9.9,13.4,110.3,North,Tiny,0,82,5,10
581,Jun-98,20.1,12.9,16.5,29.8,North,Medium,0,13,6,20
582,Jul-98,23.3,15.3,19.3,39.8,South,Tiny,0,14,7,16
583,Aug-98,23.8,14.4,19.1,8.2,West,Large,0,15,7,14
584,Sep-98,20.2,12.0,16.1,11.2,North,Tiny,0,14,6,13
585,Oct-98,14.2,7.4,10.8,111.0,West,Tiny,0,87,5,20
586,Nov-98,10.1,5.7,7.9,251.6,North,Medium,0,81,3,17
587,Dec-98,6.3,1.0,3.7,224.7,North,Tiny,336,89,3,20
588,Jan-99,7.4,2.6,5.0,222.7,West,Medium,0,80,3,19
589,Feb-99,8.3,2.7,5.5,211.1,West,Medium,44,82,3,16
590,Mar-99,9.5,3.2,6.4,104.9,East,Large,0,75,4,17
591,Apr-99,13.0,4.3,8.7,53.8,East,Large,0,5,5,20
592,May-99,15.0,7.5,11.3,58.8,West,Tiny,0,5,6,16
593,Jun-99,17.9,10.9,14.5,83.1,South,Tiny,0,57,6,10
594,Jul-99,20.7,12.6,16.6,65.8,North,Tiny,0,5,6,16
595,Aug-99,22.2,14.3,18.3,33.2,West,Medium,0,18,6,11
596,Sep-99,18.9,10.3,14.6,15.2,North,Large,0,14,6,17
597,Oct-99,13.2,5.9,9.6,141.7,North,Tiny,0,76,4,10
598,Nov-99,10.3,5.2,7.8,191.0,North,Large,0,82,3,20
599,Dec-99,7.0,2.6,4.9,208.7,South,Tiny,0,89,3,19
600,Jan-00,6.2,0.8,3.5,134.0,East,Tiny,188,74,3,16
601,Feb-00,8.5,1.6,5.1,69.6,North,Medium,0,11,3,19
602,Mar-00,10.1,3.8,7.0,109.2,West,Medium,0,87,3,14
603,Apr-00,13.8,5.7,9.7,43.5,South,Medium,0,5,5,20
604,May-00,15.3,8.0,11.7,103.0,North,Large,0,74,5,17
605,Jun-00,19.3,11.7,15.6,57.0,South,Tiny,0,8,6,19
606,Jul-00,21.3,13.6,17.5,86.5,West,Medium,0,58,6,15
607,Aug-00,21.2,13.0,17.1,6.0,East,Tiny,0,17,7,19
608,Sep-00,18.8,11.1,15.0,48.0,South,Tiny,0,8,6,19
609,Oct-00,13.8,6.9,10.4,125.2,West,Tiny,0,79,5,19
610,Nov-00,8.6,2.3,5.5,74.0,East,Large,0,56,3,20
611,Dec-00,6.5,0.5,3.5,123.0,East,Tiny,150,85,3,19
